income_log1/x_norm,age,years_with_bank,nbr_children,gender_dummy_F ,gender_dummy_M ,marital_status_dummy_1,marital_status_dummy_2,marital_status_dummy_3,marital_status_dummy_4
0.3460727551039090,0.43421052631579,0.555555555555556,0.2,0.0,1.0,0.0,1.0,0.0,0.0
0.6250351486700820,0.763157894736842,0.111111111111111,0.0,0.0,1.0,0.0,1.0,0.0,0.0
0.4157082700708360,0.328947368421053,0.888888888888889,0.0,1.0,0.0,1.0,0.0,0.0,0.0
0.22435079631414800,0.539473684210526,0.333333333333333,0.0,1.0,0.0,1.0,0.0,0.0,0.0
0.2380469748483960,0.605263157894737,1.0,0.4,1.0,0.0,0.0,0.0,0.0,1.0
0.4497104954237700,0.526315789473684,0.333333333333333,0.4,1.0,0.0,0.0,1.0,0.0,0.0
0.0,0.0394736842105263,0.111111111111111,0.0,0.0,1.0,1.0,0.0,0.0,0.0
0.8745615966258430,0.868421052631579,0.888888888888889,0.0,1.0,0.0,0.0,1.0,0.0,0.0
0.26020010991866800,0.368421052631579,0.111111111111111,1.0,1.0,0.0,0.0,0.0,0.0,1.0
0.5487626293864970,0.43421052631579,0.666666666666667,0.2,0.0,1.0,0.0,1.0,0.0,0.0
0.34857674650205400,0.210526315789474,0.888888888888889,0.0,1.0,0.0,1.0,0.0,0.0,0.0
0.0,0.0263157894736842,0.0,0.0,0.0,1.0,1.0,0.0,0.0,0.0
0.4260909050770740,0.407894736842105,0.111111111111111,0.0,0.0,1.0,0.0,1.0,0.0,0.0
0.5651004143063870,0.171052631578947,0.555555555555556,0.0,1.0,0.0,1.0,0.0,0.0,0.0
0.3690238082376090,0.5,0.111111111111111,0.4,1.0,0.0,0.0,1.0,0.0,0.0
0.0,0.0263157894736842,0.0,0.0,0.0,1.0,1.0,0.0,0.0,0.0
0.5307508371907710,0.368421052631579,0.111111111111111,0.2,0.0,1.0,0.0,0.0,0.0,1.0
0.0,0.0526315789473684,0.222222222222222,0.0,0.0,1.0,1.0,0.0,0.0,0.0
0.6328894353358070,0.697368421052632,0.666666666666667,0.0,0.0,1.0,0.0,1.0,0.0,0.0
0.3903923350349300,0.0657894736842105,0.333333333333333,0.0,0.0,1.0,1.0,0.0,0.0,0.0
0.3433390886996150,0.486842105263158,0.0,0.2,1.0,0.0,0.0,1.0,0.0,0.0
0.774627939383134,0.881578947368421,0.0,0.0,0.0,1.0,0.0,1.0,0.0,0.0
0.15554652720080300,0.592105263157895,0.888888888888889,0.0,1.0,0.0,0.0,1.0,0.0,0.0
0.405623464305483,0.43421052631579,0.666666666666667,0.0,1.0,0.0,1.0,0.0,0.0,0.0
0.40729427643368100,0.381578947368421,0.222222222222222,0.4,1.0,0.0,0.0,0.0,0.0,1.0
0.6285023081705940,0.802631578947368,0.444444444444444,0.0,1.0,0.0,0.0,1.0,0.0,0.0
0.7737951041943800,0.118421052631579,0.111111111111111,0.2,1.0,0.0,0.0,1.0,0.0,0.0
0.5628519880903210,0.197368421052632,0.777777777777778,0.2,1.0,0.0,0.0,1.0,0.0,0.0
0.3137898397326670,0.565789473684211,0.666666666666667,0.2,1.0,0.0,0.0,1.0,0.0,0.0
0.383413671434074,0.671052631578947,0.444444444444444,0.0,0.0,1.0,0.0,1.0,0.0,0.0
0.36073090787911600,0.618421052631579,0.0,0.0,1.0,0.0,0.0,1.0,0.0,0.0
0.12955030321806900,0.513157894736842,0.222222222222222,0.2,0.0,1.0,0.0,1.0,0.0,0.0
0.18954275875897200,0.236842105263158,0.111111111111111,0.4,1.0,0.0,0.0,1.0,0.0,0.0
0.27941587947349200,0.43421052631579,0.666666666666667,0.2,0.0,1.0,0.0,1.0,0.0,0.0
0.25995155622544100,0.355263157894737,0.0,0.0,1.0,0.0,1.0,0.0,0.0,0.0
0.36058095273178800,0.25,0.222222222222222,0.4,1.0,0.0,0.0,1.0,0.0,0.0
0.0,0.0263157894736842,0.777777777777778,0.0,0.0,1.0,1.0,0.0,0.0,0.0
0.38423554244871300,0.539473684210526,0.444444444444444,0.2,1.0,0.0,0.0,1.0,0.0,0.0
0.48546645489032900,0.460526315789474,0.888888888888889,0.0,0.0,1.0,1.0,0.0,0.0,0.0
0.3748453330383280,0.157894736842105,0.444444444444444,0.0,1.0,0.0,1.0,0.0,0.0,0.0
0.5404446101541010,0.289473684210526,0.555555555555556,0.0,1.0,0.0,0.0,1.0,0.0,0.0
0.24375522531949200,0.223684210526316,0.0,0.6,1.0,0.0,0.0,1.0,0.0,0.0
0.3589139452479590,0.513157894736842,0.222222222222222,0.2,1.0,0.0,0.0,1.0,0.0,0.0
0.4213831585141730,0.302631578947368,0.666666666666667,0.4,1.0,0.0,0.0,1.0,0.0,0.0
0.5360635532693970,0.513157894736842,0.222222222222222,0.0,1.0,0.0,1.0,0.0,0.0,0.0
0.5859103611031040,0.907894736842105,0.222222222222222,0.0,1.0,0.0,0.0,1.0,0.0,0.0
0.3597001263256600,0.407894736842105,0.444444444444444,0.2,0.0,1.0,0.0,1.0,0.0,0.0
0.597362725191128,0.131578947368421,0.222222222222222,0.2,1.0,0.0,0.0,0.0,0.0,1.0
0.43219881343634600,0.447368421052632,0.777777777777778,0.4,1.0,0.0,0.0,0.0,1.0,0.0
0.22685418209710400,0.394736842105263,0.333333333333333,0.2,1.0,0.0,0.0,1.0,0.0,0.0
0.0,0.0,0.555555555555556,0.0,0.0,1.0,1.0,0.0,0.0,0.0
0.0,0.0,0.555555555555556,0.0,0.0,1.0,1.0,0.0,0.0,0.0
0.17735448579843400,0.565789473684211,0.666666666666667,0.4,0.0,1.0,0.0,1.0,0.0,0.0
0.40223052679113900,0.552631578947368,0.555555555555556,0.2,0.0,1.0,0.0,1.0,0.0,0.0
0.3594846577816180,0.43421052631579,0.666666666666667,0.0,1.0,0.0,1.0,0.0,0.0,0.0
0.36038118491883800,0.657894736842105,0.333333333333333,0.0,1.0,0.0,1.0,0.0,0.0,0.0
0.29005265650495400,0.513157894736842,0.222222222222222,0.2,0.0,1.0,0.0,1.0,0.0,0.0
0.6346197248074140,0.842105263157895,0.777777777777778,0.0,1.0,0.0,1.0,0.0,0.0,0.0
0.20825063144655300,0.342105263157895,0.444444444444444,0.0,0.0,1.0,1.0,0.0,0.0,0.0
0.6037827599198380,0.197368421052632,0.777777777777778,0.2,0.0,1.0,0.0,1.0,0.0,0.0
0.3246539990378480,0.289473684210526,0.555555555555556,0.6,0.0,1.0,0.0,1.0,0.0,0.0
0.0,0.0263157894736842,0.0,0.0,1.0,0.0,1.0,0.0,0.0,0.0
0.4554526307382330,0.210526315789474,0.444444444444444,0.0,0.0,1.0,1.0,0.0,0.0,0.0
0.43051041162523000,0.618421052631579,0.0,0.0,1.0,0.0,1.0,0.0,0.0,0.0
0.0,0.592105263157895,0.555555555555556,0.0,0.0,1.0,0.0,1.0,0.0,0.0
0.3330493713370830,0.276315789473684,0.333333333333333,0.0,1.0,0.0,1.0,0.0,0.0,0.0
0.33592690634699600,0.473684210526316,1.0,0.0,1.0,0.0,1.0,0.0,0.0,0.0
0.6518037786264110,0.289473684210526,0.555555555555556,0.4,1.0,0.0,0.0,1.0,0.0,0.0
0.0,0.0263157894736842,0.777777777777778,0.0,1.0,0.0,1.0,0.0,0.0,0.0
0.5228670674628690,0.0657894736842105,0.333333333333333,0.0,1.0,0.0,1.0,0.0,0.0,0.0
0.4491941145559380,0.368421052631579,0.111111111111111,0.0,1.0,0.0,1.0,0.0,0.0,0.0
0.44575520471040900,0.223684210526316,0.0,0.6,1.0,0.0,0.0,1.0,0.0,0.0
0.7057827761705980,0.68421052631579,0.555555555555556,0.0,1.0,0.0,0.0,1.0,0.0,0.0
0.4974064636639120,0.618421052631579,0.0,0.0,1.0,0.0,0.0,1.0,0.0,0.0
0.5594254667616100,0.697368421052632,0.666666666666667,0.0,0.0,1.0,0.0,1.0,0.0,0.0
0.6011466428870340,0.315789473684211,0.777777777777778,0.2,1.0,0.0,0.0,1.0,0.0,0.0
0.4338894389675570,0.276315789473684,0.444444444444444,0.0,1.0,0.0,0.0,1.0,0.0,0.0
0.5957092928237060,0.526315789473684,0.333333333333333,0.0,1.0,0.0,0.0,1.0,0.0,0.0
0.0,0.0131578947368421,0.666666666666667,0.0,1.0,0.0,1.0,0.0,0.0,0.0
0.8690666327700820,0.197368421052632,0.777777777777778,0.0,0.0,1.0,1.0,0.0,0.0,0.0
0.11559510649300500,0.368421052631579,0.111111111111111,0.2,1.0,0.0,0.0,1.0,0.0,0.0
0.3537358177160950,0.565789473684211,0.666666666666667,0.2,1.0,0.0,0.0,0.0,1.0,0.0
0.28408980527117400,0.381578947368421,0.222222222222222,0.0,1.0,0.0,1.0,0.0,0.0,0.0
0.0,0.0263157894736842,0.777777777777778,0.0,1.0,0.0,1.0,0.0,0.0,0.0
0.3711445636085470,0.736842105263158,1.0,0.0,1.0,0.0,0.0,1.0,0.0,0.0
0.41788405884422300,0.328947368421053,0.555555555555556,0.4,1.0,0.0,0.0,1.0,0.0,0.0
0.4895627996876120,0.631578947368421,0.111111111111111,0.0,1.0,0.0,0.0,1.0,0.0,0.0
0.26141172446712500,0.526315789473684,0.333333333333333,0.2,1.0,0.0,0.0,1.0,0.0,0.0
0.19512076463225500,0.223684210526316,0.0,0.0,0.0,1.0,1.0,0.0,0.0,0.0
0.21769889199232500,0.473684210526316,1.0,0.0,1.0,0.0,0.0,1.0,0.0,0.0
0.5925992135965760,0.368421052631579,0.111111111111111,0.4,1.0,0.0,0.0,0.0,0.0,1.0
0.0,0.0,0.555555555555556,0.0,1.0,0.0,1.0,0.0,0.0,0.0
0.0,0.0263157894736842,0.777777777777778,0.0,1.0,0.0,1.0,0.0,0.0,0.0
0.3590048208260070,0.355263157894737,0.0,0.0,1.0,0.0,1.0,0.0,0.0,0.0
0.0,0.0394736842105263,0.111111111111111,0.0,1.0,0.0,1.0,0.0,0.0,0.0
0.30571504049293300,0.407894736842105,0.444444444444444,0.0,0.0,1.0,1.0,0.0,0.0,0.0
0.0,0.0526315789473684,0.222222222222222,0.0,1.0,0.0,1.0,0.0,0.0,0.0
0.38109682619795400,0.407894736842105,0.444444444444444,0.0,1.0,0.0,1.0,0.0,0.0,0.0
0.46269451933452600,0.789473684210526,0.333333333333333,0.0,0.0,1.0,0.0,1.0,0.0,0.0
0.1874154986260720,0.236842105263158,0.111111111111111,0.6,0.0,1.0,0.0,0.0,0.0,1.0
0.32603281744985700,0.842105263157895,0.777777777777778,0.0,1.0,0.0,0.0,1.0,0.0,0.0
0.45171093306466700,0.578947368421053,0.777777777777778,0.4,0.0,1.0,0.0,1.0,0.0,0.0
0.39194175566771600,0.302631578947368,0.666666666666667,0.4,1.0,0.0,0.0,1.0,0.0,0.0
0.31131908235256800,0.618421052631579,0.0,0.0,1.0,0.0,0.0,1.0,0.0,0.0
0.5666363495414000,0.289473684210526,0.555555555555556,0.4,1.0,0.0,0.0,1.0,0.0,0.0
0.3702866083671870,0.671052631578947,0.444444444444444,0.0,0.0,1.0,0.0,0.0,1.0,0.0
0.18554901296004700,0.578947368421053,0.777777777777778,0.2,0.0,1.0,0.0,0.0,0.0,1.0
0.7270156839188770,0.973684210526316,0.777777777777778,0.0,0.0,1.0,0.0,1.0,0.0,0.0
0.09494735913828420,0.552631578947368,0.555555555555556,0.0,0.0,1.0,0.0,0.0,0.0,1.0
0.5545544222368540,0.43421052631579,0.666666666666667,0.0,1.0,0.0,1.0,0.0,0.0,0.0
0.5852282322876130,0.118421052631579,0.111111111111111,0.0,1.0,0.0,1.0,0.0,0.0,0.0
1.0,0.868421052631579,1.0,0.0,0.0,1.0,0.0,1.0,0.0,0.0
0.5994080840314720,0.986842105263158,0.888888888888889,0.0,0.0,1.0,0.0,1.0,0.0,0.0
0.2923771109662590,0.473684210526316,0.222222222222222,0.0,1.0,0.0,1.0,0.0,0.0,0.0
0.4604196983075400,0.263157894736842,0.333333333333333,0.6,1.0,0.0,0.0,1.0,0.0,0.0
0.7901661438296490,0.210526315789474,0.888888888888889,0.4,1.0,0.0,0.0,0.0,0.0,1.0
0.10868531992874900,0.394736842105263,0.333333333333333,0.8,1.0,0.0,0.0,0.0,0.0,1.0
0.505089681437206,0.618421052631579,0.0,0.0,1.0,0.0,0.0,1.0,0.0,0.0
0.11120089548331600,0.592105263157895,0.888888888888889,0.2,0.0,1.0,0.0,0.0,0.0,1.0
0.2410448834240360,0.302631578947368,0.666666666666667,0.4,1.0,0.0,0.0,1.0,0.0,0.0
0.14956845142034200,0.513157894736842,0.222222222222222,0.2,0.0,1.0,0.0,0.0,1.0,0.0
0.44038875796869,0.25,0.222222222222222,0.6,0.0,1.0,0.0,1.0,0.0,0.0
0.3611563841355460,0.552631578947368,0.555555555555556,0.2,1.0,0.0,0.0,0.0,1.0,0.0
0.31371051882427900,0.43421052631579,0.444444444444444,1.0,0.0,1.0,0.0,0.0,0.0,1.0
0.0,0.0131578947368421,0.666666666666667,0.0,0.0,1.0,1.0,0.0,0.0,0.0
0.49054065463965000,0.697368421052632,0.666666666666667,0.0,1.0,0.0,1.0,0.0,0.0,0.0
0.6328256332836360,0.0657894736842105,0.333333333333333,0.0,1.0,0.0,1.0,0.0,0.0,0.0
0.47549295637962000,0.486842105263158,0.0,0.0,1.0,0.0,0.0,0.0,1.0,0.0
0.6625937151022990,0.263157894736842,0.333333333333333,0.6,1.0,0.0,0.0,1.0,0.0,0.0
0.0,0.0394736842105263,0.111111111111111,0.0,1.0,0.0,1.0,0.0,0.0,0.0
0.33477245299977100,0.592105263157895,0.888888888888889,0.2,0.0,1.0,0.0,1.0,0.0,0.0
0.5049368627045690,0.355263157894737,0.0,0.2,0.0,1.0,0.0,1.0,0.0,0.0
0.8012774734695570,0.0657894736842105,0.333333333333333,0.0,1.0,0.0,1.0,0.0,0.0,0.0
0.4268169826675800,0.5,0.111111111111111,0.0,1.0,0.0,0.0,1.0,0.0,0.0
0.5006043361088350,0.868421052631579,1.0,0.0,0.0,1.0,0.0,1.0,0.0,0.0
0.4201728204767790,0.197368421052632,0.555555555555556,0.0,1.0,0.0,1.0,0.0,0.0,0.0
0.2881561550121050,0.736842105263158,1.0,0.0,0.0,1.0,1.0,0.0,0.0,0.0
0.48321241663387800,0.328947368421053,0.888888888888889,0.6,1.0,0.0,0.0,1.0,0.0,0.0
0.0,0.0263157894736842,0.0,0.0,0.0,1.0,1.0,0.0,0.0,0.0
0.18914554503813900,0.355263157894737,0.0,0.0,0.0,1.0,1.0,0.0,0.0,0.0
0.12178739011068500,0.578947368421053,0.666666666666667,0.0,0.0,1.0,0.0,0.0,1.0,0.0
0.13214065331601500,0.592105263157895,0.888888888888889,0.0,1.0,0.0,0.0,0.0,0.0,1.0
0.4996760485450010,0.342105263157895,1.0,0.6,1.0,0.0,0.0,1.0,0.0,0.0
0.8106422927548260,0.131578947368421,0.222222222222222,0.2,0.0,1.0,0.0,1.0,0.0,0.0
0.32605388734498500,0.605263157894737,1.0,0.2,0.0,1.0,0.0,0.0,0.0,1.0
0.0,0.0263157894736842,0.0,0.0,1.0,0.0,1.0,0.0,0.0,0.0
0.7470600744287470,1.0,1.0,0.0,1.0,0.0,0.0,1.0,0.0,0.0
0.7078041309721090,0.697368421052632,0.666666666666667,0.0,1.0,0.0,0.0,0.0,0.0,1.0
0.2702513352084760,0.618421052631579,0.0,0.0,0.0,1.0,0.0,1.0,0.0,0.0
0.23926096400271200,0.276315789473684,0.444444444444444,0.2,1.0,0.0,0.0,1.0,0.0,0.0
0.6511044643106960,0.0789473684210526,0.111111111111111,0.0,1.0,0.0,1.0,0.0,0.0,0.0
0.21576145446181500,0.644736842105263,0.222222222222222,0.0,1.0,0.0,0.0,1.0,0.0,0.0
0.7985142388957230,0.539473684210526,0.222222222222222,0.0,1.0,0.0,0.0,1.0,0.0,0.0
0.08329955635378730,0.526315789473684,0.333333333333333,0.2,0.0,1.0,0.0,1.0,0.0,0.0
0.448280765356883,0.657894736842105,0.333333333333333,0.0,0.0,1.0,0.0,1.0,0.0,0.0
0.6972346332824320,0.855263157894737,0.888888888888889,0.0,1.0,0.0,0.0,0.0,1.0,0.0
0.5379124491218740,0.276315789473684,0.444444444444444,0.0,0.0,1.0,0.0,0.0,0.0,1.0
0.6982010668396480,0.68421052631579,0.555555555555556,0.0,1.0,0.0,0.0,1.0,0.0,0.0
0.1928616448430990,0.394736842105263,0.333333333333333,1.0,0.0,1.0,0.0,1.0,0.0,0.0
0.2554049617283670,0.342105263157895,0.888888888888889,0.2,0.0,1.0,0.0,1.0,0.0,0.0
0.2635315718947150,0.592105263157895,0.888888888888889,0.2,1.0,0.0,0.0,0.0,0.0,1.0
0.10297554482421000,0.578947368421053,0.777777777777778,0.0,0.0,1.0,0.0,1.0,0.0,0.0
0.7585292323903140,0.197368421052632,0.777777777777778,0.0,1.0,0.0,1.0,0.0,0.0,0.0
0.32257903014064900,0.302631578947368,0.666666666666667,0.6,1.0,0.0,0.0,0.0,0.0,1.0
0.2774997717478850,0.302631578947368,0.666666666666667,0.4,0.0,1.0,0.0,1.0,0.0,0.0
0.13577859818757700,0.394736842105263,0.222222222222222,0.6,0.0,1.0,0.0,0.0,0.0,1.0
0.5215547683685220,0.776315789473684,0.222222222222222,0.0,1.0,0.0,0.0,1.0,0.0,0.0
0.5148323858185550,0.171052631578947,0.555555555555556,0.2,0.0,1.0,0.0,1.0,0.0,0.0
0.5440353912911210,0.618421052631579,0.0,0.0,1.0,0.0,0.0,1.0,0.0,0.0
0.4025785453886470,0.342105263157895,1.0,0.0,0.0,1.0,1.0,0.0,0.0,0.0
0.3886345822615520,0.486842105263158,0.0,0.2,1.0,0.0,0.0,1.0,0.0,0.0
0.2764082168787810,0.605263157894737,1.0,0.0,1.0,0.0,0.0,1.0,0.0,0.0
0.5489312557377500,0.68421052631579,0.555555555555556,0.0,1.0,0.0,0.0,1.0,0.0,0.0
0.6805831797398000,0.934210526315789,0.444444444444444,0.0,0.0,1.0,0.0,1.0,0.0,0.0
0.3182618076589730,0.236842105263158,0.111111111111111,0.0,0.0,1.0,0.0,1.0,0.0,0.0
0.6409938973820840,0.171052631578947,0.555555555555556,0.2,1.0,0.0,0.0,1.0,0.0,0.0
0.31487701411012600,0.578947368421053,0.777777777777778,0.4,1.0,0.0,0.0,1.0,0.0,0.0
0.14810618542655100,0.592105263157895,0.888888888888889,0.4,1.0,0.0,0.0,1.0,0.0,0.0
0.4937596867301690,0.697368421052632,0.666666666666667,0.0,1.0,0.0,0.0,0.0,0.0,1.0
0.31671991466289200,0.789473684210526,0.333333333333333,0.0,0.0,1.0,0.0,1.0,0.0,0.0
0.4131342526071090,0.197368421052632,0.777777777777778,0.0,0.0,1.0,1.0,0.0,0.0,0.0
0.0,0.0131578947368421,0.666666666666667,0.0,1.0,0.0,1.0,0.0,0.0,0.0
0.23842043761809700,0.447368421052632,0.666666666666667,0.0,1.0,0.0,1.0,0.0,0.0,0.0
0.0,0.0394736842105263,0.111111111111111,0.0,1.0,0.0,1.0,0.0,0.0,0.0
0.18593923535686100,0.592105263157895,0.888888888888889,0.4,0.0,1.0,0.0,1.0,0.0,0.0
0.37711853911145100,0.671052631578947,0.444444444444444,0.0,0.0,1.0,0.0,1.0,0.0,0.0
0.4577124267332770,0.802631578947368,0.444444444444444,0.0,1.0,0.0,0.0,1.0,0.0,0.0
0.5426609384393710,0.263157894736842,0.333333333333333,0.4,1.0,0.0,0.0,1.0,0.0,0.0
0.4921437816411950,0.473684210526316,1.0,0.0,1.0,0.0,1.0,0.0,0.0,0.0
0.37423867401763400,0.223684210526316,0.0,0.4,1.0,0.0,0.0,1.0,0.0,0.0
0.32109315941510500,0.394736842105263,0.333333333333333,0.0,0.0,1.0,1.0,0.0,0.0,0.0
0.4262059820053520,0.223684210526316,0.0,0.6,1.0,0.0,0.0,0.0,0.0,1.0
0.41517340262174400,0.0789473684210526,0.444444444444444,0.0,0.0,1.0,1.0,0.0,0.0,0.0
0.4349923483022130,0.0789473684210526,0.444444444444444,0.0,1.0,0.0,1.0,0.0,0.0,0.0
0.4602290080040790,0.394736842105263,0.333333333333333,0.8,0.0,1.0,0.0,1.0,0.0,0.0
0.5324155909016180,0.171052631578947,0.555555555555556,0.0,1.0,0.0,1.0,0.0,0.0,0.0
0.0,0.0131578947368421,0.666666666666667,0.0,1.0,0.0,1.0,0.0,0.0,0.0
0.5919203094978350,0.0657894736842105,0.333333333333333,0.0,1.0,0.0,1.0,0.0,0.0,0.0
0.3335662176055080,0.144736842105263,0.333333333333333,0.4,1.0,0.0,0.0,1.0,0.0,0.0
0.25171116069325400,0.223684210526316,0.0,0.6,0.0,1.0,0.0,0.0,1.0,0.0
0.4119934974990420,0.736842105263158,1.0,0.0,0.0,1.0,0.0,0.0,1.0,0.0
0.2731467360825370,0.552631578947368,0.555555555555556,0.2,1.0,0.0,0.0,1.0,0.0,0.0
0.0,0.0,0.222222222222222,0.0,0.0,1.0,1.0,0.0,0.0,0.0
0.0,0.0526315789473684,0.222222222222222,0.0,1.0,0.0,1.0,0.0,0.0,0.0
0.3293250696500260,0.802631578947368,0.444444444444444,0.0,0.0,1.0,0.0,1.0,0.0,0.0
0.337325439591355,0.605263157894737,1.0,0.2,1.0,0.0,0.0,0.0,1.0,0.0
0.479885163718264,0.131578947368421,0.222222222222222,0.2,0.0,1.0,0.0,0.0,0.0,1.0
0.3227724428281490,0.486842105263158,0.0,0.0,1.0,0.0,0.0,1.0,0.0,0.0
0.6465485193416360,0.197368421052632,0.333333333333333,0.2,1.0,0.0,0.0,1.0,0.0,0.0
0.6380270490318910,0.815789473684211,0.555555555555556,0.0,1.0,0.0,0.0,0.0,0.0,1.0
0.47639035577429400,0.0789473684210526,0.111111111111111,0.0,0.0,1.0,1.0,0.0,0.0,0.0
0.48600684481226,0.0789473684210526,0.444444444444444,0.0,1.0,0.0,1.0,0.0,0.0,0.0
0.10920281353564100,0.578947368421053,0.777777777777778,0.0,0.0,1.0,0.0,1.0,0.0,0.0
0.2545590833978180,0.578947368421053,0.777777777777778,0.0,0.0,1.0,1.0,0.0,0.0,0.0
0.759658987290228,0.0657894736842105,0.333333333333333,0.0,1.0,0.0,1.0,0.0,0.0,0.0
0.40784026873559700,0.355263157894737,0.0,0.8,0.0,1.0,0.0,0.0,0.0,1.0
0.6523649721172340,0.0657894736842105,0.333333333333333,0.0,0.0,1.0,1.0,0.0,0.0,0.0
0.21697171926774400,0.407894736842105,0.444444444444444,0.8,0.0,1.0,0.0,1.0,0.0,0.0
0.5590482926637860,0.881578947368421,0.0,0.0,0.0,1.0,0.0,0.0,0.0,1.0
0.4041210938099730,0.302631578947368,0.333333333333333,0.6,1.0,0.0,0.0,0.0,1.0,0.0
0.3005154789396990,0.605263157894737,1.0,0.0,1.0,0.0,1.0,0.0,0.0,0.0
0.287818522156599,0.355263157894737,0.0,0.4,0.0,1.0,0.0,0.0,0.0,1.0
0.49595610896312100,0.144736842105263,0.333333333333333,0.4,0.0,1.0,0.0,0.0,0.0,1.0
0.49729201411583200,0.236842105263158,0.111111111111111,0.6,0.0,1.0,0.0,1.0,0.0,0.0
0.0,0.0394736842105263,0.111111111111111,0.0,0.0,1.0,1.0,0.0,0.0,0.0
0.30168299423847700,0.447368421052632,0.777777777777778,1.0,0.0,1.0,0.0,1.0,0.0,0.0
0.7694310485147090,0.671052631578947,0.111111111111111,0.0,0.0,1.0,1.0,0.0,0.0,0.0
0.80527011711456,0.631578947368421,0.111111111111111,0.0,0.0,1.0,0.0,1.0,0.0,0.0
0.23321355460996600,0.407894736842105,0.444444444444444,0.4,1.0,0.0,0.0,0.0,1.0,0.0
0.6397029289009930,0.118421052631579,0.111111111111111,0.0,1.0,0.0,0.0,1.0,0.0,0.0
0.0,0.0394736842105263,0.111111111111111,0.0,1.0,0.0,1.0,0.0,0.0,0.0
0.7633292439851780,0.0921052631578947,0.555555555555556,0.0,1.0,0.0,1.0,0.0,0.0,0.0
0.0,0.0263157894736842,0.777777777777778,0.0,0.0,1.0,1.0,0.0,0.0,0.0
0.5022056425938970,0.0789473684210526,0.444444444444444,0.0,0.0,1.0,1.0,0.0,0.0,0.0
0.0,0.0526315789473684,0.222222222222222,0.0,1.0,0.0,1.0,0.0,0.0,0.0
0.0,0.0263157894736842,0.555555555555556,0.0,0.0,1.0,1.0,0.0,0.0,0.0
0.1714344503531580,0.513157894736842,0.222222222222222,0.4,1.0,0.0,0.0,1.0,0.0,0.0
0.3112276650073960,0.552631578947368,0.555555555555556,0.4,0.0,1.0,0.0,1.0,0.0,0.0
0.3636943366876380,0.421052631578947,0.555555555555556,0.0,1.0,0.0,1.0,0.0,0.0,0.0
0.36479669143999500,0.605263157894737,1.0,0.2,1.0,0.0,0.0,1.0,0.0,0.0
0.7508495496035220,0.18421052631579,0.444444444444444,0.4,1.0,0.0,0.0,1.0,0.0,0.0
0.49204819137501400,0.289473684210526,0.222222222222222,0.0,0.0,1.0,1.0,0.0,0.0,0.0
0.7024729935229990,0.736842105263158,0.444444444444444,0.0,1.0,0.0,1.0,0.0,0.0,0.0
0.4134042366916300,0.460526315789474,0.555555555555556,0.0,1.0,0.0,1.0,0.0,0.0,0.0
0.2799355094733210,0.368421052631579,0.111111111111111,0.0,0.0,1.0,1.0,0.0,0.0,0.0
0.21620220085727000,0.552631578947368,0.555555555555556,0.2,1.0,0.0,0.0,0.0,0.0,1.0
0.02221371465055520,0.552631578947368,0.555555555555556,0.4,0.0,1.0,0.0,0.0,1.0,0.0
0.2614168305917500,0.328947368421053,0.888888888888889,0.0,1.0,0.0,1.0,0.0,0.0,0.0
0.40765110494892900,0.578947368421053,0.777777777777778,0.2,0.0,1.0,0.0,1.0,0.0,0.0
0.3376598505416020,0.736842105263158,1.0,0.0,1.0,0.0,0.0,1.0,0.0,0.0
0.3497417347914620,0.565789473684211,0.666666666666667,0.4,0.0,1.0,0.0,1.0,0.0,0.0
0.34262899683842400,0.578947368421053,0.666666666666667,0.0,0.0,1.0,0.0,1.0,0.0,0.0
0.5071898320540590,0.25,0.222222222222222,0.4,0.0,1.0,0.0,0.0,0.0,1.0
0.31776901270428600,0.736842105263158,0.555555555555556,0.0,0.0,1.0,0.0,1.0,0.0,0.0
0.43141780340778900,0.328947368421053,0.666666666666667,0.4,0.0,1.0,0.0,1.0,0.0,0.0
0.49265435900939600,0.552631578947368,0.555555555555556,0.0,0.0,1.0,0.0,1.0,0.0,0.0
0.2840555456987890,0.565789473684211,0.666666666666667,0.2,1.0,0.0,0.0,1.0,0.0,0.0
0.5767567227297970,0.407894736842105,0.444444444444444,0.0,1.0,0.0,0.0,1.0,0.0,0.0
0.42652854534962000,0.671052631578947,0.444444444444444,0.0,0.0,1.0,0.0,0.0,0.0,1.0
0.5231268363312370,0.789473684210526,0.333333333333333,0.0,0.0,1.0,0.0,1.0,0.0,0.0
0.48818292509902000,0.486842105263158,0.0,0.4,0.0,1.0,0.0,1.0,0.0,0.0
0.5870014750482100,0.723684210526316,0.888888888888889,0.0,0.0,1.0,0.0,1.0,0.0,0.0
0.3317955030030080,0.25,0.222222222222222,0.4,1.0,0.0,0.0,0.0,0.0,1.0
0.32342310972770700,0.592105263157895,0.555555555555556,0.4,1.0,0.0,0.0,1.0,0.0,0.0
0.0,0.0263157894736842,0.777777777777778,0.0,1.0,0.0,1.0,0.0,0.0,0.0
0.0,0.0,0.555555555555556,0.0,1.0,0.0,1.0,0.0,0.0,0.0
0.4036364981362430,0.671052631578947,0.444444444444444,0.0,1.0,0.0,0.0,1.0,0.0,0.0
0.0,0.0263157894736842,0.777777777777778,0.0,1.0,0.0,1.0,0.0,0.0,0.0
0.2437645858799850,0.263157894736842,0.333333333333333,0.6,0.0,1.0,0.0,0.0,1.0,0.0
0.40056018892545500,0.421052631578947,0.555555555555556,0.4,1.0,0.0,0.0,0.0,1.0,0.0
0.25863273757247700,0.355263157894737,0.0,1.0,1.0,0.0,0.0,0.0,1.0,0.0
0.0,0.0394736842105263,0.111111111111111,0.0,1.0,0.0,1.0,0.0,0.0,0.0
0.6619666924384010,0.0657894736842105,0.333333333333333,0.0,1.0,0.0,1.0,0.0,0.0,0.0
0.0,0.0263157894736842,0.0,0.0,0.0,1.0,1.0,0.0,0.0,0.0
0.41679324554427800,0.342105263157895,1.0,0.0,0.0,1.0,0.0,1.0,0.0,0.0
0.34137524504352100,0.236842105263158,0.111111111111111,0.4,1.0,0.0,0.0,1.0,0.0,0.0
0.37493470091242200,0.671052631578947,0.444444444444444,0.0,0.0,1.0,1.0,0.0,0.0,0.0
0.39208762281810500,0.381578947368421,0.222222222222222,0.2,0.0,1.0,0.0,1.0,0.0,0.0
0.5289849432611150,0.657894736842105,0.333333333333333,0.0,1.0,0.0,0.0,1.0,0.0,0.0
0.33842736271363,0.118421052631579,0.111111111111111,0.2,0.0,1.0,0.0,1.0,0.0,0.0
0.0,0.0526315789473684,0.222222222222222,0.0,1.0,0.0,1.0,0.0,0.0,0.0
0.4547225938704760,0.736842105263158,0.777777777777778,0.0,0.0,1.0,0.0,1.0,0.0,0.0
0.5539482852626380,0.736842105263158,1.0,0.0,1.0,0.0,0.0,1.0,0.0,0.0
0.3444204460722330,0.368421052631579,0.111111111111111,0.4,0.0,1.0,0.0,1.0,0.0,0.0
0.42278177574317100,0.25,0.222222222222222,0.6,1.0,0.0,0.0,1.0,0.0,0.0
0.0,0.0131578947368421,0.666666666666667,0.0,0.0,1.0,1.0,0.0,0.0,0.0
0.3916115115045430,0.131578947368421,0.222222222222222,0.0,1.0,0.0,0.0,0.0,1.0,0.0
0.4213382020844280,0.18421052631579,0.666666666666667,0.4,1.0,0.0,0.0,1.0,0.0,0.0
0.17688954482991600,0.368421052631579,0.111111111111111,0.8,1.0,0.0,0.0,1.0,0.0,0.0
0.0,0.0263157894736842,0.777777777777778,0.0,1.0,0.0,1.0,0.0,0.0,0.0
0.0,0.0,0.555555555555556,0.0,1.0,0.0,1.0,0.0,0.0,0.0
0.2798124659245110,0.421052631578947,0.555555555555556,0.4,1.0,0.0,0.0,1.0,0.0,0.0
0.19030716619436000,0.289473684210526,0.222222222222222,0.4,0.0,1.0,0.0,0.0,0.0,1.0
0.39683158175126800,0.381578947368421,0.222222222222222,0.0,1.0,0.0,1.0,0.0,0.0,0.0
0.12878173202777200,0.565789473684211,0.666666666666667,0.2,0.0,1.0,0.0,1.0,0.0,0.0
0.0,0.0526315789473684,0.222222222222222,0.0,1.0,0.0,1.0,0.0,0.0,0.0
0.8206217688996030,0.921052631578947,0.333333333333333,0.0,0.0,1.0,1.0,0.0,0.0,0.0
0.4174426193249960,0.328947368421053,0.888888888888889,0.4,1.0,0.0,0.0,1.0,0.0,0.0
0.5811582444833,0.0657894736842105,0.333333333333333,0.0,0.0,1.0,1.0,0.0,0.0,0.0
0.5086885514310720,0.223684210526316,0.0,0.0,0.0,1.0,1.0,0.0,0.0,0.0
0.31644508872574300,0.276315789473684,0.444444444444444,0.0,1.0,0.0,1.0,0.0,0.0,0.0
0.49881785669089800,0.355263157894737,0.0,0.0,1.0,0.0,1.0,0.0,0.0,0.0
0.37816030137150100,0.486842105263158,0.0,0.0,0.0,1.0,0.0,1.0,0.0,0.0
0.7120497176652020,0.144736842105263,0.333333333333333,0.0,1.0,0.0,1.0,0.0,0.0,0.0
0.45111132953629100,0.43421052631579,0.666666666666667,0.0,1.0,0.0,1.0,0.0,0.0,0.0
0.4246236607191190,0.565789473684211,0.666666666666667,0.2,1.0,0.0,0.0,1.0,0.0,0.0
0.41973752371224300,0.263157894736842,0.333333333333333,0.6,1.0,0.0,0.0,1.0,0.0,0.0
0.402056741271345,0.486842105263158,0.0,0.4,1.0,0.0,0.0,0.0,0.0,1.0
0.3193257303454150,0.302631578947368,0.666666666666667,0.4,1.0,0.0,0.0,1.0,0.0,0.0
0.3375780546885240,0.723684210526316,0.333333333333333,0.0,0.0,1.0,0.0,1.0,0.0,0.0
0.12522701052341900,0.578947368421053,0.777777777777778,0.2,1.0,0.0,0.0,1.0,0.0,0.0
0.0,0.0526315789473684,0.222222222222222,0.0,0.0,1.0,1.0,0.0,0.0,0.0
0.5787011665445770,0.907894736842105,0.222222222222222,0.0,0.0,1.0,1.0,0.0,0.0,0.0
0.5250108111470830,0.197368421052632,0.444444444444444,0.4,1.0,0.0,0.0,1.0,0.0,0.0
0.37134644760935600,0.18421052631579,0.666666666666667,0.0,1.0,0.0,1.0,0.0,0.0,0.0
0.4965415201894860,0.25,0.111111111111111,0.4,0.0,1.0,0.0,1.0,0.0,0.0
0.5053786537181180,0.0789473684210526,0.444444444444444,0.0,1.0,0.0,1.0,0.0,0.0,0.0
0.25061408140948700,0.315789473684211,0.777777777777778,0.0,1.0,0.0,1.0,0.0,0.0,0.0
0.2565333330493290,0.223684210526316,0.0,0.4,0.0,1.0,0.0,0.0,1.0,0.0
0.5517767991081610,0.381578947368421,0.222222222222222,0.4,0.0,1.0,0.0,1.0,0.0,0.0
0.2637432313474410,0.578947368421053,0.777777777777778,0.0,1.0,0.0,1.0,0.0,0.0,0.0
0.2856087402682710,0.552631578947368,0.555555555555556,0.2,0.0,1.0,0.0,1.0,0.0,0.0
0.32230304599959700,0.302631578947368,0.666666666666667,0.4,0.0,1.0,0.0,0.0,0.0,1.0
0.0,0.0394736842105263,0.111111111111111,0.0,0.0,1.0,1.0,0.0,0.0,0.0
0.27613349866895200,0.526315789473684,0.222222222222222,0.2,1.0,0.0,0.0,0.0,1.0,0.0
0.2988442621211710,0.552631578947368,0.555555555555556,0.0,1.0,0.0,0.0,1.0,0.0,0.0
0.0,0.0394736842105263,0.111111111111111,0.0,1.0,0.0,1.0,0.0,0.0,0.0
0.11287009652101400,0.565789473684211,0.666666666666667,0.2,0.0,1.0,0.0,1.0,0.0,0.0
0.0,0.0131578947368421,0.666666666666667,0.0,0.0,1.0,1.0,0.0,0.0,0.0
0.3400689790927230,0.671052631578947,0.444444444444444,0.0,1.0,0.0,1.0,0.0,0.0,0.0
0.3096474533968590,0.355263157894737,0.0,0.0,0.0,1.0,0.0,1.0,0.0,0.0
0.2209306426746150,0.43421052631579,0.666666666666667,1.0,0.0,1.0,0.0,1.0,0.0,0.0
0.778844221966383,0.907894736842105,0.222222222222222,0.0,0.0,1.0,0.0,1.0,0.0,0.0
0.3930138933636820,0.43421052631579,0.111111111111111,0.4,0.0,1.0,0.0,1.0,0.0,0.0
0.29853741929113500,0.368421052631579,0.111111111111111,0.0,0.0,1.0,1.0,0.0,0.0,0.0
0.23394798326497500,0.578947368421053,0.777777777777778,0.0,1.0,0.0,0.0,1.0,0.0,0.0
0.43275682719369200,0.368421052631579,0.111111111111111,0.0,1.0,0.0,1.0,0.0,0.0,0.0
0.5034318250795550,0.947368421052632,0.555555555555556,0.0,0.0,1.0,0.0,1.0,0.0,0.0
0.394810200005099,0.486842105263158,0.0,0.4,1.0,0.0,0.0,1.0,0.0,0.0
0.07177317188585000,0.486842105263158,0.0,0.0,1.0,0.0,0.0,1.0,0.0,0.0
0.5600927847410410,0.197368421052632,0.777777777777778,0.0,0.0,1.0,1.0,0.0,0.0,0.0
0.4384597855053680,0.289473684210526,0.555555555555556,0.4,0.0,1.0,0.0,1.0,0.0,0.0
0.4617458593471850,0.986842105263158,0.888888888888889,0.0,1.0,0.0,0.0,0.0,0.0,1.0
0.0,0.0263157894736842,0.777777777777778,0.0,1.0,0.0,1.0,0.0,0.0,0.0
0.0,0.0,0.555555555555556,0.0,0.0,1.0,1.0,0.0,0.0,0.0
0.29051777789936300,0.539473684210526,0.444444444444444,0.0,1.0,0.0,0.0,1.0,0.0,0.0
0.4947419047799510,0.236842105263158,0.111111111111111,0.4,1.0,0.0,0.0,1.0,0.0,0.0
0.4941133809055520,0.315789473684211,0.333333333333333,0.0,0.0,1.0,1.0,0.0,0.0,0.0
0.27469457810980000,0.302631578947368,0.666666666666667,0.0,0.0,1.0,1.0,0.0,0.0,0.0
0.2371208462246780,0.526315789473684,0.222222222222222,0.2,1.0,0.0,0.0,1.0,0.0,0.0
0.0,0.0526315789473684,0.222222222222222,0.0,1.0,0.0,1.0,0.0,0.0,0.0
0.2536135124945600,0.276315789473684,0.444444444444444,0.6,0.0,1.0,0.0,1.0,0.0,0.0
0.22771285659164700,0.302631578947368,0.444444444444444,0.4,0.0,1.0,0.0,1.0,0.0,0.0
0.6108702089432270,0.842105263157895,0.777777777777778,0.0,1.0,0.0,0.0,1.0,0.0,0.0
0.0,0.0394736842105263,0.111111111111111,0.0,0.0,1.0,1.0,0.0,0.0,0.0
0.482345100559733,0.460526315789474,0.888888888888889,0.0,1.0,0.0,1.0,0.0,0.0,0.0
0.3721383666597090,0.105263157894737,0.0,0.0,1.0,0.0,1.0,0.0,0.0,0.0
0.6637792799962520,0.657894736842105,0.333333333333333,0.0,0.0,1.0,0.0,0.0,0.0,1.0
0.5696267761213580,0.723684210526316,0.888888888888889,0.0,1.0,0.0,0.0,1.0,0.0,0.0
0.0,0.0,0.555555555555556,0.0,0.0,1.0,1.0,0.0,0.0,0.0
0.3740160932228890,0.157894736842105,0.444444444444444,0.0,1.0,0.0,1.0,0.0,0.0,0.0
0.5491844585422340,0.868421052631579,1.0,0.0,0.0,1.0,0.0,1.0,0.0,0.0
0.3936108955168650,0.407894736842105,0.444444444444444,0.0,0.0,1.0,1.0,0.0,0.0,0.0
0.35176481729989700,0.43421052631579,0.666666666666667,0.2,1.0,0.0,0.0,1.0,0.0,0.0
0.6246365244399580,0.342105263157895,1.0,0.0,1.0,0.0,1.0,0.0,0.0,0.0
0.4858368527140170,0.697368421052632,0.666666666666667,0.0,1.0,0.0,0.0,1.0,0.0,0.0
0.0,0.0526315789473684,0.222222222222222,0.0,1.0,0.0,1.0,0.0,0.0,0.0
0.5721174759735860,0.513157894736842,0.222222222222222,0.2,1.0,0.0,0.0,1.0,0.0,0.0
0.0,0.0263157894736842,0.777777777777778,0.0,1.0,0.0,1.0,0.0,0.0,0.0
0.34274335968858600,0.131578947368421,0.222222222222222,0.4,1.0,0.0,0.0,1.0,0.0,0.0
0.3137237368206400,0.671052631578947,0.444444444444444,0.0,1.0,0.0,0.0,1.0,0.0,0.0
0.5852282322876130,0.881578947368421,0.0,0.0,1.0,0.0,0.0,1.0,0.0,0.0
0.0,0.0263157894736842,0.0,0.0,0.0,1.0,1.0,0.0,0.0,0.0
0.32426375633967000,0.302631578947368,0.666666666666667,0.4,0.0,1.0,0.0,0.0,1.0,0.0
0.1849913510533330,0.342105263157895,1.0,0.0,1.0,0.0,1.0,0.0,0.0,0.0
0.2161695200956610,0.539473684210526,0.444444444444444,0.2,1.0,0.0,0.0,1.0,0.0,0.0
0.48785502027140800,0.171052631578947,0.555555555555556,0.2,1.0,0.0,0.0,0.0,0.0,1.0
0.6328575317998060,0.842105263157895,0.777777777777778,0.0,0.0,1.0,0.0,1.0,0.0,0.0
0.0,0.0263157894736842,0.777777777777778,0.0,0.0,1.0,1.0,0.0,0.0,0.0
0.4240078378328330,0.105263157894737,0.0,0.2,0.0,1.0,0.0,1.0,0.0,0.0
0.3986219998030530,0.473684210526316,1.0,0.2,1.0,0.0,0.0,1.0,0.0,0.0
0.19665084521554900,0.460526315789474,0.888888888888889,0.0,0.0,1.0,1.0,0.0,0.0,0.0
0.6473007688841620,0.210526315789474,0.888888888888889,0.2,0.0,1.0,0.0,1.0,0.0,0.0
0.0,0.0526315789473684,0.222222222222222,0.0,1.0,0.0,1.0,0.0,0.0,0.0
0.0,0.0394736842105263,0.111111111111111,0.0,0.0,1.0,1.0,0.0,0.0,0.0
0.49642755775856000,0.236842105263158,0.111111111111111,0.4,0.0,1.0,0.0,1.0,0.0,0.0
0.5797786138011150,0.210526315789474,0.888888888888889,0.0,1.0,0.0,0.0,1.0,0.0,0.0
0.31676687342069200,0.43421052631579,0.666666666666667,0.0,1.0,0.0,1.0,0.0,0.0,0.0
0.21183327298917000,0.552631578947368,0.555555555555556,0.2,0.0,1.0,0.0,1.0,0.0,0.0
0.38194634936122600,0.5,0.111111111111111,0.2,0.0,1.0,0.0,1.0,0.0,0.0
0.17925903205463500,0.578947368421053,0.777777777777778,0.0,0.0,1.0,1.0,0.0,0.0,0.0
0.5272153525261580,0.828947368421053,0.666666666666667,0.0,1.0,0.0,0.0,0.0,1.0,0.0
0.36236257150356600,0.447368421052632,0.777777777777778,0.2,1.0,0.0,0.0,1.0,0.0,0.0
0.44891066472137600,0.223684210526316,0.0,0.6,0.0,1.0,0.0,1.0,0.0,0.0
0.5210947059482750,0.43421052631579,0.444444444444444,0.0,0.0,1.0,1.0,0.0,0.0,0.0
0.0,0.0263157894736842,0.333333333333333,0.0,1.0,0.0,1.0,0.0,0.0,0.0
0.31545612236797900,0.315789473684211,0.333333333333333,0.0,0.0,1.0,0.0,1.0,0.0,0.0
0.0,0.0,0.555555555555556,0.0,1.0,0.0,1.0,0.0,0.0,0.0
0.2533385497003490,0.539473684210526,0.444444444444444,0.2,0.0,1.0,0.0,1.0,0.0,0.0
0.520269215429843,0.513157894736842,0.222222222222222,0.2,1.0,0.0,0.0,1.0,0.0,0.0
0.40182185655427200,0.460526315789474,0.888888888888889,0.0,1.0,0.0,1.0,0.0,0.0,0.0
0.2737264710682080,0.513157894736842,0.222222222222222,0.2,1.0,0.0,0.0,0.0,0.0,1.0
0.3007571241568080,0.526315789473684,0.333333333333333,0.2,1.0,0.0,0.0,0.0,0.0,1.0
0.24117422920007900,0.368421052631579,0.111111111111111,0.0,1.0,0.0,0.0,1.0,0.0,0.0
0.4856361365597470,0.776315789473684,0.222222222222222,0.0,1.0,0.0,0.0,1.0,0.0,0.0
0.5883800819261890,0.894736842105263,0.111111111111111,0.0,1.0,0.0,0.0,1.0,0.0,0.0
0.4879486532585710,0.315789473684211,0.777777777777778,0.6,1.0,0.0,0.0,0.0,0.0,1.0
0.8267544512502380,0.0789473684210526,0.111111111111111,0.0,1.0,0.0,1.0,0.0,0.0,0.0
0.0,0.0394736842105263,0.111111111111111,0.0,0.0,1.0,1.0,0.0,0.0,0.0
0.2664156405680620,0.460526315789474,0.777777777777778,1.0,0.0,1.0,0.0,0.0,0.0,1.0
0.23515105861726600,0.605263157894737,1.0,0.4,0.0,1.0,0.0,1.0,0.0,0.0
0.48015535170019700,0.631578947368421,0.111111111111111,0.0,1.0,0.0,0.0,1.0,0.0,0.0
0.5668896338278680,0.18421052631579,0.666666666666667,0.0,1.0,0.0,0.0,1.0,0.0,0.0
0.5930181335836440,0.526315789473684,0.333333333333333,0.2,1.0,0.0,0.0,1.0,0.0,0.0
0.294614215103579,0.565789473684211,0.666666666666667,0.2,0.0,1.0,0.0,1.0,0.0,0.0
0.49675333481581400,0.210526315789474,0.888888888888889,0.0,0.0,1.0,1.0,0.0,0.0,0.0
0.2982126721492470,0.552631578947368,0.555555555555556,0.0,0.0,1.0,0.0,1.0,0.0,0.0
0.12741931392370000,0.381578947368421,0.222222222222222,0.0,1.0,0.0,1.0,0.0,0.0,0.0
0.6451540046940140,0.802631578947368,0.444444444444444,0.0,1.0,0.0,0.0,1.0,0.0,0.0
0.05298106499454300,0.513157894736842,0.222222222222222,0.0,0.0,1.0,1.0,0.0,0.0,0.0
0.31014684704545400,0.276315789473684,0.444444444444444,0.0,0.0,1.0,1.0,0.0,0.0,0.0
0.5027758187203830,0.710526315789474,0.777777777777778,0.0,0.0,1.0,0.0,1.0,0.0,0.0
0.02434007371015790,0.539473684210526,0.444444444444444,0.2,0.0,1.0,0.0,1.0,0.0,0.0
0.34717662702530300,0.276315789473684,0.444444444444444,0.4,1.0,0.0,0.0,0.0,0.0,1.0
0.5796558878338670,0.618421052631579,0.0,0.0,0.0,1.0,0.0,1.0,0.0,0.0
0.5398791681564140,0.381578947368421,0.222222222222222,0.0,1.0,0.0,1.0,0.0,0.0,0.0
0.36434654592262000,0.276315789473684,0.444444444444444,0.2,0.0,1.0,0.0,1.0,0.0,0.0
0.24746285815543600,0.342105263157895,1.0,0.4,0.0,1.0,0.0,1.0,0.0,0.0
0.14019783415187900,0.25,0.222222222222222,0.0,0.0,1.0,1.0,0.0,0.0,0.0
0.3843946977052080,0.473684210526316,0.666666666666667,0.0,1.0,0.0,1.0,0.0,0.0,0.0
0.428521345444363,0.263157894736842,0.222222222222222,0.4,1.0,0.0,0.0,0.0,1.0,0.0
0.0,0.0526315789473684,0.222222222222222,0.0,1.0,0.0,1.0,0.0,0.0,0.0
0.45342828068764000,0.618421052631579,0.0,0.0,0.0,1.0,0.0,1.0,0.0,0.0
0.4947419047799510,0.43421052631579,0.666666666666667,0.2,0.0,1.0,0.0,1.0,0.0,0.0
0.5562962954301880,0.197368421052632,0.666666666666667,0.0,0.0,1.0,0.0,1.0,0.0,0.0
0.41747569396722500,0.0657894736842105,0.333333333333333,0.0,0.0,1.0,1.0,0.0,0.0,0.0
0.2779923413163150,0.5,0.111111111111111,0.0,1.0,0.0,1.0,0.0,0.0,0.0
0.5409710793369730,0.407894736842105,0.444444444444444,0.0,0.0,1.0,0.0,1.0,0.0,0.0
0.0,0.0,0.555555555555556,0.0,0.0,1.0,1.0,0.0,0.0,0.0
0.0,0.0263157894736842,0.777777777777778,0.0,1.0,0.0,1.0,0.0,0.0,0.0
0.30473267646176800,0.460526315789474,0.888888888888889,0.2,0.0,1.0,0.0,1.0,0.0,0.0
0.3934345480286350,0.223684210526316,0.0,0.2,1.0,0.0,0.0,0.0,1.0,0.0
0.4098903157956370,0.513157894736842,0.222222222222222,0.4,1.0,0.0,0.0,1.0,0.0,0.0
0.56219805286407,0.171052631578947,0.555555555555556,0.2,1.0,0.0,0.0,1.0,0.0,0.0
0.5514562756910330,0.157894736842105,0.444444444444444,0.4,1.0,0.0,0.0,0.0,1.0,0.0
0.6518388077442680,0.0657894736842105,0.333333333333333,0.0,0.0,1.0,1.0,0.0,0.0,0.0
0.33154277067098900,0.736842105263158,1.0,0.0,0.0,1.0,0.0,1.0,0.0,0.0
0.18095147296012800,0.552631578947368,0.555555555555556,0.0,0.0,1.0,1.0,0.0,0.0,0.0
0.5463331790097630,0.565789473684211,0.666666666666667,0.2,1.0,0.0,0.0,1.0,0.0,0.0
0.6084235236694820,0.342105263157895,1.0,0.0,1.0,0.0,1.0,0.0,0.0,0.0
0.5631910599524410,0.960526315789474,0.666666666666667,0.0,0.0,1.0,0.0,0.0,0.0,1.0
0.1873091878932760,0.289473684210526,0.555555555555556,0.4,0.0,1.0,0.0,1.0,0.0,0.0
0.2417990213844730,0.697368421052632,0.666666666666667,0.0,0.0,1.0,0.0,1.0,0.0,0.0
0.21648838246761600,0.526315789473684,0.333333333333333,0.2,1.0,0.0,0.0,1.0,0.0,0.0
0.8010579487928780,0.118421052631579,0.111111111111111,0.2,1.0,0.0,0.0,0.0,0.0,1.0
0.19062382102766100,0.328947368421053,0.888888888888889,0.4,0.0,1.0,0.0,1.0,0.0,0.0
0.0,0.0394736842105263,0.111111111111111,0.0,0.0,1.0,1.0,0.0,0.0,0.0
0.5171806824228910,0.776315789473684,0.222222222222222,0.0,1.0,0.0,0.0,1.0,0.0,0.0
0.4676326182086260,0.842105263157895,0.777777777777778,0.0,1.0,0.0,0.0,1.0,0.0,0.0
0.41062448304079700,0.75,0.0,0.0,1.0,0.0,0.0,0.0,0.0,1.0
0.3171160508444110,0.315789473684211,0.777777777777778,0.6,0.0,1.0,0.0,1.0,0.0,0.0
0.3627073164813260,0.710526315789474,0.777777777777778,0.0,0.0,1.0,0.0,1.0,0.0,0.0
0.0,0.0131578947368421,0.666666666666667,0.0,1.0,0.0,1.0,0.0,0.0,0.0
0.37773389062165600,0.25,0.222222222222222,0.0,1.0,0.0,1.0,0.0,0.0,0.0
0.4840375214080120,0.0657894736842105,0.333333333333333,0.0,1.0,0.0,1.0,0.0,0.0,0.0
0.12628611118802100,0.302631578947368,0.666666666666667,0.4,0.0,1.0,0.0,1.0,0.0,0.0
0.12479450362282300,0.289473684210526,0.222222222222222,0.0,0.0,1.0,1.0,0.0,0.0,0.0
0.3090653015157760,0.381578947368421,0.222222222222222,0.0,1.0,0.0,1.0,0.0,0.0,0.0
0.5954703953594750,0.697368421052632,0.666666666666667,0.0,1.0,0.0,0.0,1.0,0.0,0.0
0.0,0.0131578947368421,0.666666666666667,0.0,1.0,0.0,1.0,0.0,0.0,0.0
0.33074332585932,0.355263157894737,0.0,0.0,1.0,0.0,1.0,0.0,0.0,0.0
0.4040591659958970,0.342105263157895,0.666666666666667,0.4,0.0,1.0,0.0,1.0,0.0,0.0
0.5070354226045500,0.210526315789474,0.888888888888889,0.0,0.0,1.0,0.0,1.0,0.0,0.0
0.9136154942864110,0.157894736842105,0.444444444444444,0.0,0.0,1.0,1.0,0.0,0.0,0.0
0.0,0.0,0.555555555555556,0.0,1.0,0.0,1.0,0.0,0.0,0.0
0.3842917006261090,0.473684210526316,1.0,0.0,1.0,0.0,1.0,0.0,0.0,0.0
0.0,0.0526315789473684,0.222222222222222,0.0,0.0,1.0,1.0,0.0,0.0,0.0
0.0,0.0131578947368421,0.666666666666667,0.0,0.0,1.0,1.0,0.0,0.0,0.0
0.4707058681707350,0.0657894736842105,0.333333333333333,0.0,0.0,1.0,1.0,0.0,0.0,0.0
0.09417607452548680,0.486842105263158,0.0,0.0,0.0,1.0,0.0,1.0,0.0,0.0
0.0,0.0526315789473684,0.222222222222222,0.0,0.0,1.0,1.0,0.0,0.0,0.0
0.0,0.0263157894736842,0.777777777777778,0.0,1.0,0.0,1.0,0.0,0.0,0.0
0.41981558510839100,0.723684210526316,0.888888888888889,0.0,1.0,0.0,0.0,0.0,0.0,1.0
0.7613955802612640,0.0789473684210526,0.444444444444444,0.0,1.0,0.0,1.0,0.0,0.0,0.0
0.07707359135702350,0.394736842105263,0.333333333333333,0.2,1.0,0.0,0.0,0.0,1.0,0.0
0.31712949276320000,0.328947368421053,0.111111111111111,0.6,0.0,1.0,0.0,1.0,0.0,0.0
0.3068490782509220,0.289473684210526,0.555555555555556,0.6,0.0,1.0,0.0,1.0,0.0,0.0
0.3348751313272490,0.355263157894737,0.0,0.4,1.0,0.0,0.0,0.0,0.0,1.0
0.38686349544664600,0.592105263157895,0.777777777777778,0.2,1.0,0.0,0.0,1.0,0.0,0.0
0.16039904918211000,0.592105263157895,0.888888888888889,0.4,1.0,0.0,0.0,1.0,0.0,0.0
0.06956312950246110,0.565789473684211,0.666666666666667,0.4,1.0,0.0,0.0,0.0,1.0,0.0
0.31637141827977300,0.421052631578947,0.111111111111111,0.0,1.0,0.0,1.0,0.0,0.0,0.0
0.34859244504775700,0.815789473684211,0.555555555555556,0.0,1.0,0.0,0.0,1.0,0.0,0.0
0.7175938628402210,0.18421052631579,0.666666666666667,0.2,1.0,0.0,0.0,1.0,0.0,0.0
0.2046144173691430,0.289473684210526,0.555555555555556,0.6,0.0,1.0,0.0,0.0,0.0,1.0
0.16610953930419700,0.43421052631579,0.666666666666667,0.0,1.0,0.0,1.0,0.0,0.0,0.0
0.45139787519403700,0.789473684210526,0.333333333333333,0.0,0.0,1.0,0.0,1.0,0.0,0.0
0.6369499920623580,0.934210526315789,0.444444444444444,0.0,1.0,0.0,0.0,1.0,0.0,0.0
0.19073188468532700,0.407894736842105,0.444444444444444,1.0,0.0,1.0,0.0,0.0,1.0,0.0
0.6046969001078350,0.0789473684210526,0.444444444444444,0.0,1.0,0.0,1.0,0.0,0.0,0.0
0.410390111894343,0.328947368421053,0.888888888888889,0.6,0.0,1.0,0.0,1.0,0.0,0.0
0.6188684099284640,0.618421052631579,0.0,0.0,1.0,0.0,1.0,0.0,0.0,0.0
0.21109094545635500,0.263157894736842,0.333333333333333,0.4,0.0,1.0,0.0,1.0,0.0,0.0
0.0,0.0263157894736842,0.777777777777778,0.0,1.0,0.0,1.0,0.0,0.0,0.0
0.5142095557769000,0.907894736842105,0.222222222222222,0.0,0.0,1.0,0.0,1.0,0.0,0.0
0.0,0.0394736842105263,0.111111111111111,0.0,0.0,1.0,1.0,0.0,0.0,0.0
0.5776294152991760,0.0789473684210526,0.444444444444444,0.0,1.0,0.0,1.0,0.0,0.0,0.0
0.3777973417917760,0.657894736842105,0.333333333333333,0.0,0.0,1.0,0.0,1.0,0.0,0.0
0.30058360612534000,0.526315789473684,0.333333333333333,0.0,0.0,1.0,0.0,0.0,1.0,0.0
0.7062862285594010,0.0657894736842105,0.333333333333333,0.0,0.0,1.0,1.0,0.0,0.0,0.0
0.30836248189158800,0.157894736842105,0.444444444444444,0.2,1.0,0.0,0.0,0.0,1.0,0.0
0.26306257920431300,0.144736842105263,0.333333333333333,0.2,0.0,1.0,0.0,0.0,1.0,0.0
0.9169558781570570,0.907894736842105,0.222222222222222,0.0,1.0,0.0,0.0,1.0,0.0,0.0
0.4243611370532710,0.315789473684211,0.777777777777778,0.6,1.0,0.0,0.0,1.0,0.0,0.0
0.29342081197977900,0.513157894736842,0.222222222222222,0.0,0.0,1.0,0.0,1.0,0.0,0.0
0.3248912991182870,0.407894736842105,0.444444444444444,0.0,0.0,1.0,1.0,0.0,0.0,0.0
0.393542297709142,0.407894736842105,0.444444444444444,0.0,0.0,1.0,1.0,0.0,0.0,0.0
0.1832649907566510,0.473684210526316,0.222222222222222,0.8,1.0,0.0,0.0,0.0,0.0,1.0
0.3116524517218660,0.421052631578947,0.555555555555556,0.0,1.0,0.0,1.0,0.0,0.0,0.0
0.38087579567324400,0.407894736842105,0.333333333333333,0.2,1.0,0.0,0.0,1.0,0.0,0.0
0.24251875800458800,0.381578947368421,0.222222222222222,1.0,1.0,0.0,0.0,1.0,0.0,0.0
0.48287722322967600,0.0789473684210526,0.444444444444444,0.0,1.0,0.0,1.0,0.0,0.0,0.0
0.6159126640437240,0.539473684210526,0.222222222222222,0.4,1.0,0.0,0.0,0.0,1.0,0.0
0.34044564862827300,0.276315789473684,0.444444444444444,0.0,1.0,0.0,0.0,1.0,0.0,0.0
0.3644568664949800,0.815789473684211,0.555555555555556,0.0,0.0,1.0,0.0,1.0,0.0,0.0
0.08872696122872650,0.486842105263158,0.0,0.0,0.0,1.0,0.0,1.0,0.0,0.0
0.27472729161105900,0.68421052631579,0.555555555555556,0.0,0.0,1.0,0.0,1.0,0.0,0.0
0.4320684359750340,0.723684210526316,0.888888888888889,0.0,1.0,0.0,1.0,0.0,0.0,0.0
0.3474496339601800,0.578947368421053,0.777777777777778,0.2,0.0,1.0,0.0,1.0,0.0,0.0
0.5362615521318050,0.0657894736842105,0.333333333333333,0.0,1.0,0.0,1.0,0.0,0.0,0.0
0.27332535611653000,0.644736842105263,0.222222222222222,0.0,0.0,1.0,0.0,1.0,0.0,0.0
0.3213880908321360,0.394736842105263,0.333333333333333,0.0,1.0,0.0,0.0,1.0,0.0,0.0
0.0,0.0131578947368421,0.666666666666667,0.0,0.0,1.0,1.0,0.0,0.0,0.0
0.32482147613874200,0.25,0.222222222222222,0.2,0.0,1.0,0.0,1.0,0.0,0.0
0.765526891728782,0.631578947368421,0.111111111111111,0.0,1.0,0.0,0.0,0.0,1.0,0.0
0.46189679787729800,0.236842105263158,0.111111111111111,0.6,1.0,0.0,0.0,1.0,0.0,0.0
0.0,0.0394736842105263,0.111111111111111,0.0,1.0,0.0,1.0,0.0,0.0,0.0
0.2863003212980500,0.578947368421053,0.777777777777778,0.2,1.0,0.0,0.0,1.0,0.0,0.0
0.48640921185248700,0.118421052631579,0.111111111111111,0.0,0.0,1.0,0.0,1.0,0.0,0.0
0.44267307530976900,0.263157894736842,0.333333333333333,0.4,0.0,1.0,0.0,0.0,0.0,1.0
0.5849761732981560,0.171052631578947,0.555555555555556,0.0,0.0,1.0,1.0,0.0,0.0,0.0
0.23968253763135900,0.223684210526316,0.0,0.2,1.0,0.0,0.0,1.0,0.0,0.0
0.5049029186242710,0.618421052631579,0.0,0.0,1.0,0.0,0.0,0.0,0.0,1.0
0.0,0.0526315789473684,0.222222222222222,0.0,1.0,0.0,1.0,0.0,0.0,0.0
0.5611874835203800,0.68421052631579,0.555555555555556,0.0,1.0,0.0,0.0,1.0,0.0,0.0
0.4286494608773540,0.0657894736842105,0.333333333333333,0.0,0.0,1.0,1.0,0.0,0.0,0.0
0.15221489163856500,0.460526315789474,0.888888888888889,0.0,0.0,1.0,1.0,0.0,0.0,0.0
0.0,0.0526315789473684,0.222222222222222,0.0,0.0,1.0,1.0,0.0,0.0,0.0
0.5108614663283320,0.0657894736842105,0.333333333333333,0.0,0.0,1.0,1.0,0.0,0.0,0.0
0.4041210938099730,0.157894736842105,0.444444444444444,0.2,1.0,0.0,0.0,1.0,0.0,0.0
0.0,0.0526315789473684,0.222222222222222,0.0,1.0,0.0,1.0,0.0,0.0,0.0
0.26547055458525400,0.5,0.111111111111111,0.0,1.0,0.0,0.0,1.0,0.0,0.0
0.40401789129343900,0.697368421052632,0.555555555555556,0.0,0.0,1.0,0.0,1.0,0.0,0.0
0.0,0.0526315789473684,0.222222222222222,0.0,1.0,0.0,1.0,0.0,0.0,0.0
0.6289399022762720,0.68421052631579,0.555555555555556,0.0,1.0,0.0,0.0,1.0,0.0,0.0
0.49886726913435900,0.210526315789474,0.888888888888889,0.2,0.0,1.0,0.0,1.0,0.0,0.0
0.4725782196780690,0.210526315789474,0.888888888888889,0.4,1.0,0.0,0.0,0.0,1.0,0.0
0.0,0.0263157894736842,0.777777777777778,0.0,0.0,1.0,1.0,0.0,0.0,0.0
0.34636756892977100,0.302631578947368,0.666666666666667,0.0,0.0,1.0,0.0,1.0,0.0,0.0
0.24345591535664600,0.460526315789474,0.888888888888889,0.0,0.0,1.0,1.0,0.0,0.0,0.0
0.4435489127108290,0.473684210526316,1.0,0.0,0.0,1.0,1.0,0.0,0.0,0.0
0.5791657255566360,0.789473684210526,0.333333333333333,0.0,1.0,0.0,0.0,1.0,0.0,0.0
0.0,0.0394736842105263,0.111111111111111,0.0,1.0,0.0,1.0,0.0,0.0,0.0
0.598355914560126,0.631578947368421,0.111111111111111,0.0,1.0,0.0,0.0,1.0,0.0,0.0
0.24332977638298900,0.355263157894737,0.0,0.8,1.0,0.0,0.0,1.0,0.0,0.0
0.0,0.0,0.555555555555556,0.0,1.0,0.0,1.0,0.0,0.0,0.0
0.7410969675050750,0.763157894736842,0.111111111111111,0.0,1.0,0.0,0.0,1.0,0.0,0.0
0.7089616710536070,0.631578947368421,0.111111111111111,0.0,1.0,0.0,0.0,1.0,0.0,0.0
0.5623782382056520,0.131578947368421,0.222222222222222,0.4,0.0,1.0,0.0,1.0,0.0,0.0
0.35669603920656700,0.25,0.222222222222222,0.4,0.0,1.0,0.0,1.0,0.0,0.0
0.5106343949869400,0.342105263157895,0.555555555555556,0.4,1.0,0.0,0.0,1.0,0.0,0.0
0.21696351751116400,0.447368421052632,0.777777777777778,0.4,1.0,0.0,0.0,1.0,0.0,0.0
0.6400992751056380,0.105263157894737,0.0,0.0,0.0,1.0,1.0,0.0,0.0,0.0
0.0,0.0131578947368421,0.666666666666667,0.0,0.0,1.0,1.0,0.0,0.0,0.0
0.0,0.0131578947368421,0.666666666666667,0.0,0.0,1.0,1.0,0.0,0.0,0.0
0.1838213998929350,0.552631578947368,0.333333333333333,0.4,1.0,0.0,0.0,1.0,0.0,0.0
0.5208742462773210,0.921052631578947,0.333333333333333,0.0,1.0,0.0,0.0,1.0,0.0,0.0
0.7174485532993410,0.0789473684210526,0.444444444444444,0.0,1.0,0.0,1.0,0.0,0.0,0.0
0.3041833636800160,0.25,0.222222222222222,0.0,1.0,0.0,0.0,1.0,0.0,0.0
0.41290774350418300,0.0789473684210526,0.444444444444444,0.0,0.0,1.0,1.0,0.0,0.0,0.0
0.3252757559545020,0.539473684210526,0.444444444444444,0.4,0.0,1.0,0.0,1.0,0.0,0.0
0.5128813285813610,0.75,0.0,0.0,1.0,0.0,0.0,1.0,0.0,0.0
0.2607592000040360,0.592105263157895,0.666666666666667,0.0,0.0,1.0,1.0,0.0,0.0,0.0
0.5831705412017990,0.68421052631579,0.555555555555556,0.0,1.0,0.0,0.0,0.0,0.0,1.0
0.4741761365276530,0.828947368421053,0.666666666666667,0.0,1.0,0.0,0.0,1.0,0.0,0.0
0.10459224876824100,0.486842105263158,0.0,0.4,0.0,1.0,0.0,0.0,1.0,0.0
0.3482630305988330,0.539473684210526,0.444444444444444,0.2,1.0,0.0,0.0,0.0,0.0,1.0
0.5555105998953880,0.368421052631579,0.111111111111111,0.0,1.0,0.0,1.0,0.0,0.0,0.0
0.4015362767648880,0.75,0.0,0.0,0.0,1.0,0.0,0.0,0.0,1.0
0.19632834674906200,0.486842105263158,0.0,0.0,0.0,1.0,0.0,1.0,0.0,0.0
0.6001668696432290,0.368421052631579,0.111111111111111,0.0,1.0,0.0,1.0,0.0,0.0,0.0
0.32115485375265900,0.473684210526316,0.333333333333333,0.0,1.0,0.0,1.0,0.0,0.0,0.0
0.3745685427201900,0.526315789473684,0.222222222222222,0.4,1.0,0.0,0.0,1.0,0.0,0.0
0.36794146524831200,0.0789473684210526,0.444444444444444,0.0,0.0,1.0,1.0,0.0,0.0,0.0
0.0,0.0131578947368421,0.666666666666667,0.0,0.0,1.0,1.0,0.0,0.0,0.0
0.08642434411038270,0.5,0.111111111111111,0.4,0.0,1.0,0.0,1.0,0.0,0.0
0.6895802519137910,0.802631578947368,0.444444444444444,0.0,0.0,1.0,0.0,1.0,0.0,0.0
0.6259272219635080,0.421052631578947,0.555555555555556,0.0,0.0,1.0,1.0,0.0,0.0,0.0
0.0,0.0394736842105263,0.111111111111111,0.0,1.0,0.0,1.0,0.0,0.0,0.0
0.1913742499165040,0.43421052631579,0.666666666666667,0.0,0.0,1.0,1.0,0.0,0.0,0.0
0.3222065402423370,0.263157894736842,0.333333333333333,0.6,0.0,1.0,0.0,0.0,0.0,1.0
0.0,0.0131578947368421,0.666666666666667,0.0,1.0,0.0,1.0,0.0,0.0,0.0
0.3114955037298180,0.236842105263158,0.111111111111111,0.0,0.0,1.0,1.0,0.0,0.0,0.0
0.3407323862621820,0.710526315789474,0.111111111111111,0.0,1.0,0.0,0.0,1.0,0.0,0.0
0.2611565820700570,0.578947368421053,0.777777777777778,0.4,0.0,1.0,0.0,1.0,0.0,0.0
0.0,0.0263157894736842,0.0,0.0,1.0,0.0,1.0,0.0,0.0,0.0
0.6130283197965280,0.355263157894737,0.0,0.2,1.0,0.0,0.0,0.0,0.0,1.0
0.240256736240776,0.342105263157895,1.0,0.6,1.0,0.0,0.0,1.0,0.0,0.0
0.3985717728575480,0.368421052631579,0.111111111111111,0.0,1.0,0.0,1.0,0.0,0.0,0.0
0.0,0.0263157894736842,0.777777777777778,0.0,1.0,0.0,1.0,0.0,0.0,0.0
0.652119258792424,0.868421052631579,1.0,0.0,1.0,0.0,0.0,1.0,0.0,0.0
0.39179599339485500,0.460526315789474,0.888888888888889,1.0,1.0,0.0,0.0,1.0,0.0,0.0
0.24201235413231700,0.723684210526316,0.888888888888889,0.0,0.0,1.0,0.0,1.0,0.0,0.0
0.8063182118667980,0.75,0.0,0.0,1.0,0.0,0.0,1.0,0.0,0.0
0.5939112232178450,0.157894736842105,0.444444444444444,0.2,0.0,1.0,0.0,1.0,0.0,0.0
0.4074516233635040,0.144736842105263,0.333333333333333,0.0,0.0,1.0,0.0,1.0,0.0,0.0
0.5906469835229750,0.0657894736842105,0.333333333333333,0.0,0.0,1.0,1.0,0.0,0.0,0.0
0.0,0.0263157894736842,0.0,0.0,1.0,0.0,1.0,0.0,0.0,0.0
0.47593380394193800,0.486842105263158,0.0,0.0,1.0,0.0,0.0,1.0,0.0,0.0
0.0,0.0,0.555555555555556,0.0,1.0,0.0,1.0,0.0,0.0,0.0
0.0,0.0394736842105263,0.111111111111111,0.0,1.0,0.0,1.0,0.0,0.0,0.0
0.21073272818991000,0.5,0.111111111111111,0.2,0.0,1.0,0.0,1.0,0.0,0.0
0.34301045749194100,0.43421052631579,0.555555555555556,0.8,1.0,0.0,0.0,0.0,0.0,1.0
0.22845796908659600,0.447368421052632,0.777777777777778,0.6,1.0,0.0,0.0,0.0,1.0,0.0
0.23917400899572500,0.526315789473684,0.333333333333333,0.2,0.0,1.0,0.0,1.0,0.0,0.0
0.391252738353065,0.75,0.0,0.0,0.0,1.0,0.0,0.0,0.0,1.0
0.33260637024141300,0.342105263157895,0.888888888888889,0.0,1.0,0.0,1.0,0.0,0.0,0.0
0.4470012974363150,0.43421052631579,0.666666666666667,0.2,1.0,0.0,0.0,1.0,0.0,0.0
0.18197721190837300,0.486842105263158,0.0,0.4,1.0,0.0,0.0,1.0,0.0,0.0
0.4367671540159680,0.131578947368421,0.222222222222222,0.2,1.0,0.0,0.0,1.0,0.0,0.0
0.44893641651805800,0.486842105263158,0.0,0.4,1.0,0.0,0.0,1.0,0.0,0.0
0.6497130311264920,0.921052631578947,0.333333333333333,0.0,1.0,0.0,1.0,0.0,0.0,0.0
0.0,0.0263157894736842,0.777777777777778,0.0,0.0,1.0,1.0,0.0,0.0,0.0
0.3461658078988900,0.68421052631579,0.555555555555556,0.0,1.0,0.0,0.0,1.0,0.0,0.0
0.6088481506887240,0.68421052631579,0.555555555555556,0.0,0.0,1.0,0.0,1.0,0.0,0.0
0.5042928950373040,0.263157894736842,0.333333333333333,0.0,1.0,0.0,1.0,0.0,0.0,0.0
0.5359448467065620,0.736842105263158,1.0,0.0,0.0,1.0,1.0,0.0,0.0,0.0
0.30911698071029500,0.368421052631579,0.111111111111111,0.4,1.0,0.0,0.0,1.0,0.0,0.0
0.6221400304257610,0.131578947368421,0.222222222222222,0.0,0.0,1.0,1.0,0.0,0.0,0.0
0.002665549528131140,0.539473684210526,0.444444444444444,0.0,0.0,1.0,0.0,0.0,1.0,0.0
0.7948639083351700,0.921052631578947,0.333333333333333,0.0,0.0,1.0,0.0,0.0,0.0,1.0
0.0,0.0,0.555555555555556,0.0,0.0,1.0,1.0,0.0,0.0,0.0
0.45930534079159500,0.105263157894737,0.0,0.0,0.0,1.0,1.0,0.0,0.0,0.0
0.5961346957739840,0.394736842105263,0.333333333333333,0.4,0.0,1.0,0.0,1.0,0.0,0.0
0.2545837666578170,0.552631578947368,0.555555555555556,0.2,1.0,0.0,0.0,1.0,0.0,0.0
0.2419242112180800,0.236842105263158,0.111111111111111,0.4,1.0,0.0,0.0,0.0,1.0,0.0
0.2881911146637010,0.513157894736842,0.222222222222222,0.4,1.0,0.0,0.0,1.0,0.0,0.0
0.24986507730483000,0.25,0.222222222222222,0.0,1.0,0.0,1.0,0.0,0.0,0.0
0.6067058118634210,0.644736842105263,0.222222222222222,0.0,0.0,1.0,0.0,1.0,0.0,0.0
0.3181266761631500,0.223684210526316,0.0,0.4,0.0,1.0,0.0,1.0,0.0,0.0
0.6317440592998800,0.368421052631579,0.111111111111111,0.0,0.0,1.0,0.0,1.0,0.0,0.0
0.14877007720815000,0.526315789473684,0.333333333333333,0.4,0.0,1.0,0.0,1.0,0.0,0.0
0.417585981761864,0.302631578947368,0.666666666666667,0.4,1.0,0.0,0.0,1.0,0.0,0.0
0.23787413974210800,0.394736842105263,0.333333333333333,0.8,0.0,1.0,0.0,1.0,0.0,0.0
0.32849875795737000,0.236842105263158,0.111111111111111,0.4,0.0,1.0,0.0,0.0,1.0,0.0
0.4166065232054780,0.236842105263158,0.111111111111111,0.4,0.0,1.0,0.0,0.0,1.0,0.0
0.2559161758111510,0.697368421052632,0.666666666666667,0.0,1.0,0.0,0.0,1.0,0.0,0.0
0.6520491096501650,0.881578947368421,0.0,0.0,1.0,0.0,1.0,0.0,0.0,0.0
0.10904863079669200,0.315789473684211,0.777777777777778,0.0,0.0,1.0,1.0,0.0,0.0,0.0
0.2770249399048300,0.552631578947368,0.555555555555556,0.2,0.0,1.0,0.0,1.0,0.0,0.0
0.887022941667102,0.0657894736842105,0.333333333333333,0.0,1.0,0.0,1.0,0.0,0.0,0.0
0.6032858699183860,0.0789473684210526,0.444444444444444,0.0,0.0,1.0,1.0,0.0,0.0,0.0
0.4529942937144470,0.644736842105263,0.222222222222222,0.0,1.0,0.0,1.0,0.0,0.0,0.0
0.38346027948060500,0.223684210526316,0.0,0.6,1.0,0.0,0.0,0.0,0.0,1.0
0.4421992005337620,0.355263157894737,0.0,0.6,1.0,0.0,0.0,0.0,0.0,1.0
0.25590126783969200,0.302631578947368,0.666666666666667,0.4,0.0,1.0,0.0,1.0,0.0,0.0
0.6872724124305690,0.210526315789474,0.888888888888889,0.2,1.0,0.0,0.0,0.0,0.0,1.0
0.0,0.0131578947368421,0.666666666666667,0.0,0.0,1.0,1.0,0.0,0.0,0.0
0.38614425477758500,0.526315789473684,0.222222222222222,0.0,1.0,0.0,0.0,1.0,0.0,0.0
0.24190102208232700,0.263157894736842,0.333333333333333,0.4,1.0,0.0,0.0,1.0,0.0,0.0
0.8075982262675430,0.171052631578947,0.222222222222222,0.0,1.0,0.0,1.0,0.0,0.0,0.0
0.3609477057649800,0.447368421052632,0.777777777777778,0.0,0.0,1.0,1.0,0.0,0.0,0.0
0.23917400899572500,0.263157894736842,0.333333333333333,0.6,0.0,1.0,0.0,1.0,0.0,0.0
0.0,0.0263157894736842,0.777777777777778,0.0,1.0,0.0,1.0,0.0,0.0,0.0
0.18583369575371600,0.605263157894737,1.0,0.2,0.0,1.0,0.0,1.0,0.0,0.0
0.6131151239165030,0.842105263157895,0.777777777777778,0.0,1.0,0.0,0.0,0.0,1.0,0.0
0.48685895000242800,0.18421052631579,0.666666666666667,0.4,1.0,0.0,0.0,1.0,0.0,0.0
0.27866949962777100,0.25,0.222222222222222,0.0,0.0,1.0,1.0,0.0,0.0,0.0
0.5860622574781700,0.263157894736842,0.333333333333333,0.4,1.0,0.0,0.0,0.0,1.0,0.0
0.5440559762552550,0.381578947368421,0.222222222222222,0.4,1.0,0.0,0.0,1.0,0.0,0.0
0.5797295144985970,0.210526315789474,0.888888888888889,0.4,0.0,1.0,0.0,0.0,0.0,1.0
0.0,0.0263157894736842,0.0,0.0,0.0,1.0,1.0,0.0,0.0,0.0
0.5757433068129970,0.328947368421053,0.444444444444444,0.0,1.0,0.0,0.0,1.0,0.0,0.0
0.2260634549152270,0.539473684210526,0.444444444444444,0.2,0.0,1.0,0.0,0.0,0.0,1.0
0.0,0.0394736842105263,0.111111111111111,0.0,0.0,1.0,1.0,0.0,0.0,0.0
0.4335430228591090,0.355263157894737,0.0,0.0,1.0,0.0,1.0,0.0,0.0,0.0
0.2778981624810590,0.68421052631579,0.555555555555556,0.0,0.0,1.0,0.0,1.0,0.0,0.0
0.3695192814433480,0.5,0.111111111111111,0.2,1.0,0.0,0.0,1.0,0.0,0.0
0.23719333105909600,0.236842105263158,0.111111111111111,0.4,1.0,0.0,0.0,1.0,0.0,0.0
0.0,0.0526315789473684,0.222222222222222,0.0,1.0,0.0,1.0,0.0,0.0,0.0
0.41445519214106900,0.342105263157895,1.0,0.6,0.0,1.0,0.0,1.0,0.0,0.0
0.1614036016232570,0.394736842105263,0.333333333333333,0.0,1.0,0.0,0.0,1.0,0.0,0.0
0.35646741666290800,0.631578947368421,0.111111111111111,0.0,0.0,1.0,0.0,1.0,0.0,0.0
0.13007588318256600,0.355263157894737,0.0,0.0,0.0,1.0,0.0,0.0,1.0,0.0
0.5839710595927930,0.934210526315789,0.444444444444444,0.0,0.0,1.0,1.0,0.0,0.0,0.0
0.4313115347794820,0.894736842105263,0.111111111111111,0.0,0.0,1.0,0.0,1.0,0.0,0.0
0.30743129892592000,0.447368421052632,0.777777777777778,0.4,1.0,0.0,0.0,1.0,0.0,0.0
0.7145640225058130,0.552631578947368,0.555555555555556,0.2,1.0,0.0,0.0,1.0,0.0,0.0
0.4662114197505660,0.473684210526316,1.0,0.0,1.0,0.0,0.0,1.0,0.0,0.0
0.22777340300648900,0.605263157894737,1.0,0.0,0.0,1.0,0.0,1.0,0.0,0.0
0.5253484149205290,1.0,1.0,0.0,1.0,0.0,0.0,1.0,0.0,0.0
0.5027758187203830,0.736842105263158,1.0,0.0,1.0,0.0,0.0,1.0,0.0,0.0
0.49307015204752700,0.552631578947368,0.555555555555556,0.2,1.0,0.0,0.0,0.0,0.0,1.0
0.3982305592405650,0.276315789473684,0.444444444444444,0.4,1.0,0.0,0.0,1.0,0.0,0.0
0.33780121206678900,0.578947368421053,0.777777777777778,0.0,0.0,1.0,1.0,0.0,0.0,0.0
0.2660652883153770,0.368421052631579,0.111111111111111,0.4,0.0,1.0,0.0,1.0,0.0,0.0
0.6408942997288380,0.0789473684210526,0.444444444444444,0.0,0.0,1.0,1.0,0.0,0.0,0.0
0.21522406244640800,0.552631578947368,0.555555555555556,0.0,0.0,1.0,0.0,1.0,0.0,0.0
0.6472322671031060,0.697368421052632,0.666666666666667,0.0,1.0,0.0,0.0,0.0,1.0,0.0
0.0,0.0526315789473684,0.222222222222222,0.0,0.0,1.0,1.0,0.0,0.0,0.0
0.3657512429213900,0.118421052631579,0.111111111111111,0.0,0.0,1.0,0.0,1.0,0.0,0.0
0.1702943620164220,0.223684210526316,0.0,0.6,1.0,0.0,0.0,1.0,0.0,0.0
0.20322627788724800,0.355263157894737,0.0,0.0,1.0,0.0,0.0,0.0,1.0,0.0
0.1920984452250860,0.289473684210526,0.555555555555556,0.4,1.0,0.0,0.0,0.0,1.0,0.0
0.8124909166804290,0.118421052631579,0.111111111111111,0.0,0.0,1.0,1.0,0.0,0.0,0.0
0.501336698550645,0.289473684210526,0.555555555555556,0.6,1.0,0.0,0.0,0.0,0.0,1.0
0.11102816277167800,0.43421052631579,0.666666666666667,0.0,1.0,0.0,1.0,0.0,0.0,0.0
0.36038118491883800,0.263157894736842,0.333333333333333,0.6,1.0,0.0,0.0,1.0,0.0,0.0
0.0,0.0263157894736842,0.0,0.0,0.0,1.0,1.0,0.0,0.0,0.0
0.36249703638872100,0.460526315789474,0.888888888888889,0.2,1.0,0.0,0.0,1.0,0.0,0.0
0.30149623716044600,0.263157894736842,0.333333333333333,0.4,1.0,0.0,0.0,1.0,0.0,0.0
0.0,0.0,0.555555555555556,0.0,1.0,0.0,1.0,0.0,0.0,0.0
0.0,0.0526315789473684,0.222222222222222,0.0,0.0,1.0,1.0,0.0,0.0,0.0
0.19640614424837100,0.552631578947368,0.555555555555556,0.2,1.0,0.0,0.0,1.0,0.0,0.0
0.27783724654003600,0.328947368421053,0.555555555555556,0.2,0.0,1.0,0.0,0.0,0.0,1.0
0.22955025137632500,0.513157894736842,0.222222222222222,0.2,0.0,1.0,0.0,1.0,0.0,0.0
0.4568804608327940,0.657894736842105,0.333333333333333,0.0,0.0,1.0,0.0,1.0,0.0,0.0
0.8247717359933310,0.644736842105263,0.222222222222222,0.0,0.0,1.0,1.0,0.0,0.0,0.0
0.4416643062936300,0.486842105263158,0.0,0.2,1.0,0.0,0.0,1.0,0.0,0.0
0.35727691905498800,0.223684210526316,0.0,0.0,1.0,0.0,1.0,0.0,0.0,0.0
0.41168251917491300,0.5,0.111111111111111,0.0,1.0,0.0,1.0,0.0,0.0,0.0
0.8376694380110150,0.986842105263158,0.888888888888889,0.0,1.0,0.0,0.0,1.0,0.0,0.0
0.24137302817660200,0.394736842105263,0.333333333333333,0.0,1.0,0.0,1.0,0.0,0.0,0.0
0.5450051512083380,0.697368421052632,0.666666666666667,0.0,1.0,0.0,0.0,0.0,1.0,0.0
0.0,0.0526315789473684,0.222222222222222,0.0,1.0,0.0,1.0,0.0,0.0,0.0
0.7059657051422730,0.644736842105263,0.222222222222222,0.0,0.0,1.0,0.0,0.0,1.0,0.0
0.3214910749102970,0.460526315789474,0.444444444444444,0.0,1.0,0.0,1.0,0.0,0.0,0.0
0.27788708549389100,0.355263157894737,0.0,0.2,1.0,0.0,0.0,0.0,0.0,1.0
0.48360927013334300,0.486842105263158,0.0,0.2,0.0,1.0,0.0,1.0,0.0,0.0
0.4473970695694530,0.697368421052632,0.666666666666667,0.0,1.0,0.0,1.0,0.0,0.0,0.0
0.8398716215060270,0.276315789473684,0.444444444444444,0.0,1.0,0.0,0.0,1.0,0.0,0.0
0.0,0.0263157894736842,0.0,0.0,1.0,0.0,1.0,0.0,0.0,0.0
0.461540215016006,0.302631578947368,0.666666666666667,0.2,1.0,0.0,0.0,0.0,0.0,1.0
0.3442436602772770,0.565789473684211,0.666666666666667,0.2,0.0,1.0,0.0,1.0,0.0,0.0
0.1733599857308160,0.486842105263158,0.0,0.4,0.0,1.0,0.0,1.0,0.0,0.0
0.4574033957267330,0.315789473684211,0.777777777777778,0.0,1.0,0.0,0.0,1.0,0.0,0.0
0.42320098106239600,0.0657894736842105,0.333333333333333,0.0,1.0,0.0,1.0,0.0,0.0,0.0